Cluster,JAVA_Total,NET_Total,MAD_Total,IOT_Total,OSS_Total,CC_Total,BMP_Total
0,63.379778051787916,64.51122071516646,67.21948212083848,60.977558569667075,38.84463625154131,38.96646115906289,31.71960542540074
1,77.88160107635385,79.58627648839555,80.61419441641439,75.77632021527077,43.096535486041034,43.297006390850996,37.294315506222674
2,49.58713010803194,50.90465007045561,53.82245185533114,45.27806481916393,33.19868482855801,31.789572569281354,26.57022076092062
